{
  "LSTM": {
    "direct": {
      "epochs": [
        1,
        2,
        3,
        4,
        5,
        6,
        7,
        8,
        9,
        10,
        11,
        12,
        13,
        14,
        15,
        16
      ],
      "train_losses": [
        1.0340005706946056,
        0.8692867081165314,
        0.7565827507972718,
        0.7139016613562902,
        0.6949924321174622,
        0.5320059168338775,
        0.3936885722875595,
        0.1413631241011123,
        0.01754315376499047,
        0.007260368001453268,
        0.0062836432120141885,
        0.006204742764161589,
        0.004962578942863426,
        0.0034854313028045,
        0.004098731213084345,
        0.003358088832576565
      ],
      "val_losses": [
        0.9404264984130859,
        0.7959295525550842,
        0.7196903231143952,
        0.6995921657085419,
        0.6724702801704406,
        0.4462505434751511,
        0.3375006996393204,
        0.03893454966321588,
        0.010728772550821305,
        0.007938081492495258,
        0.010406758718076161,
        0.005698368759534787,
        0.005331065349106211,
        0.006339578068407718,
        0.0057474237706483106,
        0.00512164359754388
      ],
      "train_accs": [
        0.5228111111111111,
        0.5767833333333333,
        0.5947444444444444,
        0.6083388888888889,
        0.6320944444444444,
        0.7351388888888889,
        0.7875111111111112,
        0.9914333333333334,
        0.9980722222222222,
        0.9984944444444445,
        0.9976611111111111,
        0.9989833333333333,
        0.9993722222222222,
        0.9991166666666667,
        0.9992,
        0.9993722222222222
      ],
      "val_accs": [
        0.5181666666666667,
        0.57135,
        0.59265,
        0.6039666666666667,
        0.6258166666666667,
        0.72905,
        0.7776166666666666,
        0.9903666666666666,
        0.9973333333333333,
        0.9976166666666667,
        0.99685,
        0.9982,
        0.9984166666666666,
        0.9981833333333333,
        0.9982666666666666,
        0.9984833333333333
      ],
      "final_test_accuracy": 0.9985166788101196
    },
    "curriculum_stage1": {
      "epochs": [
        1,
        2,
        3,
        4,
        5,
        6,
        7,
        8,
        9,
        10,
        11,
        12,
        13,
        14,
        15,
        16
      ],
      "train_losses": [
        0.9888174846172333,
        0.9148518617153167,
        0.8155142150719961,
        0.7318655672868093,
        0.48557828944921494,
        0.2543982536991437,
        0.19549223459263643,
        0.09682645698264242,
        0.025714538204328466,
        0.015224794241522129,
        0.01140669912394757,
        0.01054226053331513,
        0.00831656182021834,
        0.00734138559846906,
        0.007084511057842368,
        0.0059291493688942865
      ],
      "val_losses": [
        0.9385963833332062,
        0.8977635924816132,
        0.767968742609024,
        0.6539729857444763,
        0.34370191729068755,
        0.2152953044474125,
        0.15929653987288475,
        0.0437681617513299,
        0.017260096528334542,
        0.014165877207065932,
        0.011846337719587608,
        0.013709880338399672,
        0.01277924502803944,
        0.012515087902196683,
        0.011578292325895745,
        0.011881465706537711
      ],
      "train_accs": [
        0.5282896689420716,
        0.5461331606543813,
        0.5781057478707426,
        0.6633569867522866,
        0.8454163631294462,
        0.8981823741557169,
        0.934076212574985,
        0.9910242919713281,
        0.9957909505436688,
        0.9969871120344639,
        0.9978145320130588,
        0.9973918283283418,
        0.9980483680939661,
        0.9981203176573222,
        0.9981023302664832,
        0.9986149709053953
      ],
      "val_accs": [
        0.5214204882254675,
        0.5348386053780244,
        0.5653392250902625,
        0.6446085035296654,
        0.8317346553861077,
        0.8885595732068761,
        0.9278978283127661,
        0.9890876758096675,
        0.9945842539203535,
        0.9960392304790645,
        0.9966858867273805,
        0.9959314544376785,
        0.9959314544376785,
        0.9962008945411435,
        0.996551166675648,
        0.996389502613569
      ],
      "final_test_accuracy": 0.9968351125717163
    },
    "curriculum_stage2": {
      "epochs": [
        1,
        2,
        3,
        4,
        5,
        6,
        7,
        8,
        9,
        10,
        11,
        12
      ],
      "train_losses": [
        1.2592696508566539,
        0.9489412554899852,
        0.7571473728815714,
        0.6105110441446304,
        0.48224050096670784,
        0.3589537313183149,
        0.25820584789911905,
        0.18302906593680382,
        0.13727893973390262,
        0.09846086819966635,
        0.06917507236450911,
        0.050780121890207135
      ],
      "val_losses": [
        1.0611135983467102,
        0.8233857462406159,
        0.6588210482597351,
        0.5283894193172455,
        0.4031766971349716,
        0.2868985222578049,
        0.1930914199948311,
        0.14624797305464746,
        0.10245283921062946,
        0.07124903757870198,
        0.04887740470096469,
        0.036373622216284276
      ],
      "train_accs": [
        0.5407647975764137,
        0.6289344989709409,
        0.6901052976089324,
        0.7480158355519471,
        0.8174086172424573,
        0.8791458704413521,
        0.9257986484813773,
        0.9464931217730448,
        0.96567704956897,
        0.9804405338099944,
        0.9877708754240542,
        0.9921325755430096
      ],
      "val_accs": [
        0.5334887090170388,
        0.6196466253031401,
        0.6783156436017763,
        0.7341564045226922,
        0.80518408869012,
        0.8687096469402539,
        0.9172183553273913,
        0.9391200277156625,
        0.9599256716323895,
        0.975238575162987,
        0.9840886901199962,
        0.9888381468300211
      ],
      "final_test_accuracy": 0.988194465637207
    }
  },
  "Vanilla_RNN": {
    "direct": {
      "epochs": [
        1,
        2,
        3,
        4,
        5,
        6,
        7,
        8,
        9,
        10,
        11,
        12,
        13,
        14,
        15,
        16,
        17,
        18,
        19,
        20
      ],
      "train_losses": [
        1.056017907698949,
        0.9800007983843485,
        0.944811920483907,
        0.9619987497329712,
        0.9415924212137858,
        0.9282891434828441,
        0.9199340754350026,
        0.9210043238798777,
        0.906470895767212,
        0.9103593668142954,
        0.9053046254316965,
        0.9049113138516744,
        0.9005404030481974,
        0.9000428535143534,
        0.9087866507371267,
        0.9014111692905427,
        0.8996781179110209,
        0.8994407393932342,
        0.8986404633522034,
        0.9008445665836334
      ],
      "val_losses": [
        0.9910570023059845,
        0.9528835690021515,
        1.0954596252441406,
        0.9276533102989197,
        0.9235240604877472,
        0.9282376499176025,
        0.9216794967651367,
        0.9029389305114746,
        0.8955333483219147,
        0.904500910282135,
        0.8997822434902191,
        0.9113155634403228,
        0.8930423147678376,
        0.909879680633545,
        0.8964374783039093,
        0.8833068144321442,
        0.9037301123142243,
        0.8957460200786591,
        0.8991064538955689,
        0.9172198758125305
      ],