{
  "experiment": "s4_curriculum_complex",
  "checkpoint_name": "curriculum_stage2",
  "timestamp": "20251205_234125",
  "model_config": {
    "vocab_size": 21,
    "num_states": 8,
    "d_model": 256,
    "num_layers": 4,
    "max_seq_len": 1024
  },
  "training_config": {
    "batch_size": 8,
    "learning_rate": 0.001,
    "num_epochs": 15
  },
  "curriculum_info": {
    "dataset_type": "complex",
    "loaded_from": "checkpoints/s4_curriculum_stage1.pt"
  },
  "training_history": {
    "train_losses": [
      1.43552752606074,
      1.2492408459981283,
      1.188580934047699,
      1.145498593489329,
      1.1128367720444998,
      1.0681044562657673,
      1.0330700159072876,
      1.0183277481396993,
      1.0072734359105429,
      0.999141626437505,
      0.9929668766657511,
      0.9875476302305858,
      0.983366632938385,
      0.9794128802617391,
      0.9753668364683787
    ],
    "val_losses": [
      1.2591933827400208,
      1.172897774219513,
      1.1336389260292052,
      1.0974210648536682,
      1.0673373429775237,
      1.017675884962082,
      1.0030324668884278,
      0.9922178111076355,
      0.9873385272026062,
      0.981764963388443,
      0.9807736630439758,
      0.9828619089126587,
      0.9772468180656433,
      0.9784152600765228,
      0.9785746929645538
    ],
    "train_accs": [
      0.43710991740226746,
      0.4707552194595337,
      0.4884978234767914,
      0.5008569955825806,
      0.5079439878463745,
      0.5243732929229736,
      0.5270670652389526,
      0.5302749276161194,
      0.5310007929801941,
      0.5360254645347595,
      0.5374143123626709,
      0.5361869931221008,
      0.5412431359291077,
      0.5433620810508728,
      0.5456950664520264
    ],
    "val_accs": [
      0.4331391155719757,
      0.465585321187973,
      0.4831154942512512,
      0.4928600788116455,
      0.5000409483909607,
      0.5132373571395874,
      0.5156310200691223,
      0.5182892084121704,
      0.5162042379379272,
      0.5194860100746155,
      0.5177789926528931,
      0.5158010721206665,
      0.5182514190673828,
      0.5170419812202454,
      0.5206702351570129
    ]
  },
  "final_results": {
    "val_accuracy": 0.5185096263885498,
    "test_accuracy": 0.5214151740074158
  }
}