{
  "experiment": "s4_curriculum_simple",
  "checkpoint_name": "curriculum_stage1",
  "timestamp": "20251205_232804",
  "model_config": {
    "vocab_size": 21,
    "num_states": 8,
    "d_model": 256,
    "num_layers": 4,
    "max_seq_len": 512
  },
  "training_config": {
    "batch_size": 8,
    "learning_rate": 0.001,
    "num_epochs": 15
  },
  "curriculum_info": {
    "dataset_type": "simple",
    "loaded_from": null
  },
  "training_history": {
    "train_losses": [
      0.9911888292630513,
      0.8951415700912475,
      0.7253406763076782,
      0.6171658237377803,
      0.5511274952888489,
      0.5212746133406957,
      0.5053429863850276,
      0.49606588526566825,
      0.48735981380939486,
      0.47766131818294527,
      0.47031157513459526,
      0.4621432669361432,
      0.4497195451060931,
      0.43112063537041345,
      0.41192336416244507
    ],
    "val_losses": [
      0.9382431399822235,
      0.7935256173610687,
      0.6476976917982101,
      0.5446252754926681,
      0.5165434705018997,
      0.5028332087993622,
      0.4973348273038864,
      0.4881042010784149,
      0.4818203287124634,
      0.47577132964134217,
      0.4686295320987701,
      0.46126513159275057,
      0.438814825296402,
      0.4212354907989502,
      0.3977139309644699
    ],
    "train_accs": [
      0.5237658619880676,
      0.6133790016174316,
      0.6627004742622375,
      0.7135688066482544,
      0.7226704359054565,
      0.7277068495750427,
      0.7327613234519958,
      0.7401361465454102,
      0.7490578889846802,
      0.7546969652175903,
      0.7614961862564087,
      0.7707687020301819,
      0.7914091944694519,
      0.7991797924041748,
      0.8088120222091675
    ],
    "val_accs": [
      0.5192379951477051,
      0.6046505570411682,
      0.6530958414077759,
      0.7039661407470703,
      0.7104327082633972,
      0.7137468457221985,
      0.7175189852714539,
      0.7236083149909973,
      0.7266260981559753,
      0.7324459552764893,
      0.7395052909851074,
      0.7440588474273682,
      0.7660451531410217,
      0.7713800668716431,
      0.7839629054069519
    ]
  },
  "final_results": {
    "val_accuracy": 0.7825887799263,
    "test_accuracy": 0.7846515774726868
  }
}