{
  "experiment": "s4_direct",
  "timestamp": "20251205_203215",
  "model_config": {
    "vocab_size": 21,
    "num_states": 8,
    "d_model": 256,
    "num_layers": 4,
    "max_seq_len": 1024
  },
  "training_config": {
    "batch_size": 8,
    "learning_rate": 0.001,
    "num_epochs": 15
  },
  "training_history": {
    "train_losses": [
      1.5765899314880372,
      1.5213258803685505,
      1.481525269349416,
      1.446453160603841,
      1.3772811250686645,
      1.2312867317199707,
      1.1311487437884014,
      1.0958062017758687,
      1.0792943030993143,
      1.0678101251920065,
      1.0600481334527334,
      1.0540368565718332,
      1.0491804780165355,
      1.0443038415114085,
      1.0414825042088827
    ],
    "val_losses": [
      1.5232373809814452,
      1.4945597686767578,
      1.4526176753044129,
      1.4105073223114013,
      1.278707691192627,
      1.111725124835968,
      1.0754674322605133,
      1.0556657891273498,
      1.0522799761295318,
      1.0448839964866639,
      1.045850212097168,
      1.044308355808258,
      1.0426687307357787,
      1.048023375749588,
      1.041128017425537
    ],
    "train_accs": [
      0.31264516711235046,
      0.3273750841617584,
      0.3408524990081787,
      0.3773363530635834,
      0.44114431738853455,
      0.4885188043117523,
      0.49101540446281433,
      0.4962540566921234,
      0.49643027782440186,
      0.5011192560195923,
      0.5017402768135071,
      0.5033179521560669,
      0.5071257948875427,
      0.5032445192337036,
      0.5093307495117188
    ],
    "val_accs": [
      0.30894774198532104,
      0.32329061627388,
      0.3362980782985687,
      0.3719252943992615,
      0.4356524348258972,
      0.4841863214969635,
      0.48394066095352173,
      0.48637208342552185,
      0.48797833919525146,
      0.49091365933418274,
      0.4868696928024292,
      0.4884885549545288,
      0.48987433314323425,
      0.4849233031272888,
      0.48883500695228577
    ]
  },
  "final_results": {
    "train_accuracy": 0.5094356536865234,
    "val_accuracy": 0.48883500695228577,
    "test_accuracy": 0.49172860383987427
  }
}